"Variable / Field Name","Form Name","Section Header","Field Type","Field Label","Choices, Calculations, OR Slider Labels","Field Note","Text Validation Type OR Show Slider Number","Text Validation Min","Text Validation Max","Identifier?","Branching Logic (Show field only if...)","Required Field?","Custom Alignment","Question Number (surveys only)"
"hsr_instructions","hsr_questionnaire",,"descriptive","Please consider whether there have been significant times during the last 12 months during which the following statements applied to you. Then please select the option that best describes how well each statement described you during that period.",,,,,,,,,,
"hsr_001","hsr_questionnaire",,"radio","I preferred to stay home than to go to a party.","1, Not at all | 2, A little | 3, Moderately | 4, A lot",,,,,,,"y",,
"hsr_002","hsr_questionnaire",,"radio","I felt that my work must be flawless.","1, Not at all | 2, A little | 3, Moderately | 4, A lot",,,,,,,"y",,
"hsr_003","hsr_questionnaire",,"radio","I saw things that were not really there.","1, Not at all | 2, A little | 3, Moderately | 4, A lot",,,,,,,"y",,
"hsr_004","hsr_questionnaire",,"radio","I was embarrassed because I pulled my hair.","1, Not at all | 2, A little | 3, Moderately | 4, A lot",,,,,,,"y",,
"hsr_005","hsr_questionnaire",,"radio","I avoided foods because I did not like their appearance","1, Not at all | 2, A little | 3, Moderately | 4, A lot",,,,,,,"y",,
"hsr_006","hsr_questionnaire",,"radio","I felt dizzy or lightheaded.","1, Not at all | 2, A little | 3, Moderately | 4, A lot",,,,,,,"y",,
"hsr_007","hsr_questionnaire",,"radio","I believed it was fine to tell a little lie in order to get out of trouble.","1, Not at all | 2, A little | 3, Moderately | 4, A lot",,,,,,,"y",,
"hsr_008","hsr_questionnaire",,"radio","Most people were just out for themselves.","1, Not at all | 2, A little | 3, Moderately | 4, A lot",,,,,,,"y",,
"hsr_009","hsr_questionnaire",,"radio","My home was so cluttered that it was difficult to get around.","1, Not at all | 2, A little | 3, Moderately | 4, A lot",,,,,,,"y",,
"hsr_010","hsr_questionnaire",,"radio","I had pains in several parts of my body.","1, Not at all | 2, A little | 3, Moderately | 4, A lot",,,,,,,"y",,
"hsr_011","hsr_questionnaire",,"radio","I felt down and discouraged.","1, Not at all | 2, A little | 3, Moderately | 4, A lot",,,,,,,"y",,
"hsr_012","hsr_questionnaire",,"radio","I was uncomfortable meeting new people.","1, Not at all | 2, A little | 3, Moderately | 4, A lot",,,,,,,"y",,
"hsr_013","hsr_questionnaire",,"radio","I was unable to resist the impulse to gamble.","1, Not at all | 2, A little | 3, Moderately | 4, A lot",,,,,,,"y",,
"hsr_014","hsr_questionnaire",,"radio","I found it easy to manipulate others.","1, Not at all | 2, A little | 3, Moderately | 4, A lot",,,,,,,"y",,
"hsr_015","hsr_questionnaire",,"radio","I made decisions quickly without thinking them through.","1, Not at all | 2, A little | 3, Moderately | 4, A lot",,,,,,,"y",,
"hsr_016","hsr_questionnaire",,"radio","I spent a lot of time looking at myself.","1, Not at all | 2, A little | 3, Moderately | 4, A lot",,,,,,,"y",,
"hsr_017","hsr_questionnaire",,"radio","It was difficult for me to touch something that was dirty.","1, Not at all | 2, A little | 3, Moderately | 4, A lot",,,,,,,"y",,
"hsr_018","hsr_questionnaire",,"radio","I refused to budge as a matter of principle, even on small matters.","1, Not at all | 2, A little | 3, Moderately | 4, A lot",,,,,,,"y",,
"hsr_019","hsr_questionnaire",,"radio","Life felt too short to follow other peoples' rules.","1, Not at all | 2, A little | 3, Moderately | 4, A lot",,,,,,,"y",,
"hsr_020","hsr_questionnaire",,"radio","I blamed myself for things.","1, Not at all | 2, A little | 3, Moderately | 4, A lot",,,,,,,"y",,
"hsr_021","hsr_questionnaire",,"radio","I was very suspicious of other people.","1, Not at all | 2, A little | 3, Moderately | 4, A lot",,,,,,,"y",,
"hsr_022","hsr_questionnaire",,"radio","I was very cautious about taking risks.","1, Not at all | 2, A little | 3, Moderately | 4, A lot",,,,,,,"y",,
"hsr_023","hsr_questionnaire",,"radio","I felt sexually inadequate.","1, Not at all | 2, A little | 3, Moderately | 4, A lot",,,,,,,"y",,
"hsr_024","hsr_questionnaire",,"radio","I hardly showed any feelings.","1, Not at all | 2, A little | 3, Moderately | 4, A lot",,,,,,,"y",,
"hsr_025","hsr_questionnaire",,"radio","Most people would have liked to be like me.","1, Not at all | 2, A little | 3, Moderately | 4, A lot",,,,,,,"y",,
"hsr_026","hsr_questionnaire",,"radio","I got so angry that I yelled or screamed.","1, Not at all | 2, A little | 3, Moderately | 4, A lot",,,,,,,"y",,
"hsr_027","hsr_questionnaire",,"radio","I felt little desire for sexual activity","1, Not at all | 2, A little | 3, Moderately | 4, A lot",,,,,,,"y",,
"hsr_028","hsr_questionnaire",,"radio","I avoided performing or giving a talk in front of others.","1, Not at all | 2, A little | 3, Moderately | 4, A lot",,,,,,,"y",,
"hsr_029","hsr_questionnaire",,"radio","It was hard to stop gambling once I started.","1, Not at all | 2, A little | 3, Moderately | 4, A lot",,,,,,,"y",,
"hsr_030","hsr_questionnaire",,"radio","I was bothered by stomach symptoms (diarrhea, nausea, stomach pain etc.)","1, Not at all | 2, A little | 3, Moderately | 4, A lot",,,,,,,"y",,
"hsr_031","hsr_questionnaire",,"radio","I taunted others.","1, Not at all | 2, A little | 3, Moderately | 4, A lot",,,,,,,"y",,
"hsr_032","hsr_questionnaire",,"radio","I felt restless when I had to sit still for more than ten minutes.","1, Not at all | 2, A little | 3, Moderately | 4, A lot",,,,,,,"y",,
"hsr_033","hsr_questionnaire",,"radio","I had trouble falling asleep.","1, Not at all | 2, A little | 3, Moderately | 4, A lot",,,,,,,"y",,
"hsr_034","hsr_questionnaire",,"radio","Some people thought I was uncaring and unfeeling.","1, Not at all | 2, A little | 3, Moderately | 4, A lot",,,,,,,"y",,
"hsr_035","hsr_questionnaire",,"radio","I was the dominant person in my relationships.","1, Not at all | 2, A little | 3, Moderately | 4, A lot",,,,,,,"y",,
"hsr_036","hsr_questionnaire",,"radio","I bought much more than I needed.","1, Not at all | 2, A little | 3, Moderately | 4, A lot",,,,,,,"y",,
"hsr_037","hsr_questionnaire",,"radio","I felt an urge to pull my hair.","1, Not at all | 2, A little | 3, Moderately | 4, A lot",,,,,,,"y",,
"hsr_038","hsr_questionnaire",,"radio","I wished I lived in my fantasies instead of real life.","1, Not at all | 2, A little | 3, Moderately | 4, A lot",,,,,,,"y",,
"hsr_039","hsr_questionnaire",,"radio","My sexual fantasies strained my relationships.","1, Not at all | 2, A little | 3, Moderately | 4, A lot",,,,,,,"y",,
"hsr_040","hsr_questionnaire",,"radio","I did something spontaneous that I later regretted.","1, Not at all | 2, A little | 3, Moderately | 4, A lot",,,,,,,"y",,
"hsr_041","hsr_questionnaire",,"radio","I worked on a plan to kill myself.","1, Not at all | 2, A little | 3, Moderately | 4, A lot",,,,,,,"y",,
"hsr_042","hsr_questionnaire",,"radio","I felt that I did not want to be in a close relationship.","1, Not at all | 2, A little | 3, Moderately | 4, A lot",,,,,,,"y",,
"hsr_043","hsr_questionnaire",,"radio","I wished I could change certain parts of my body.","1, Not at all | 2, A little | 3, Moderately | 4, A lot",,,,,,,"y",,
"hsr_044","hsr_questionnaire",,"radio","I felt motivated.","1, Not at all | 2, A little | 3, Moderately | 4, A lot",,,,,,,"y",,
"hsr_045","hsr_questionnaire",,"radio","When I had the chance, I chose to be alone rather than with other people.","1, Not at all | 2, A little | 3, Moderately | 4, A lot",,,,,,,"y",,
"hsr_046","hsr_questionnaire",,"radio","I felt an urge to hurt myself (cut, burn, bite, etc.).","1, Not at all | 2, A little | 3, Moderately | 4, A lot",,,,,,,"y",,
"hsr_047","hsr_questionnaire",,"radio","I worried a lot about my health.","1, Not at all | 2, A little | 3, Moderately | 4, A lot",,,,,,,"y",,
"hsr_048","hsr_questionnaire",,"radio","Others noticed that I was unusually excited or up.","1, Not at all | 2, A little | 3, Moderately | 4, A lot",,,,,,,"y",,
"hsr_049","hsr_questionnaire",,"radio","People told me that I was being inappropriate.","1, Not at all | 2, A little | 3, Moderately | 4, A lot",,,,,,,"y",,
"hsr_050","hsr_questionnaire",,"radio","I was unhappy about my sexual performance.","1, Not at all | 2, A little | 3, Moderately | 4, A lot",,,,,,,"y",,
"hsr_051","hsr_questionnaire",,"radio","I experienced strange sights or sounds.","1, Not at all | 2, A little | 3, Moderately | 4, A lot",,,,,,,"y",,
"hsr_052","hsr_questionnaire",,"radio","I liked having power.","1, Not at all | 2, A little | 3, Moderately | 4, A lot",,,,,,,"y",,
"hsr_053","hsr_questionnaire",,"radio","I had trouble remembering things.","1, Not at all | 2, A little | 3, Moderately | 4, A lot",,,,,,,"y",,
"hsr_054","hsr_questionnaire",,"radio","I used sex to relieve negative feelings (e.g., anxiety, sadness, anger).","1, Not at all | 2, A little | 3, Moderately | 4, A lot",,,,,,,"y",,
"hsr_055","hsr_questionnaire",,"radio","Interacting with others was not very important to me.","1, Not at all | 2, A little | 3, Moderately | 4, A lot",,,,,,,"y",,
"hsr_056","hsr_questionnaire",,"radio","I quit tasks that became too challenging.","1, Not at all | 2, A little | 3, Moderately | 4, A lot",,,,,,,"y",,
"hsr_057","hsr_questionnaire",,"radio","I allowed people to take advantage of me.","1, Not at all | 2, A little | 3, Moderately | 4, A lot",,,,,,,"y",,
"hsr_058","hsr_questionnaire",,"radio","I was selfish.","1, Not at all | 2, A little | 3, Moderately | 4, A lot",,,,,,,"y",,
"hsr_059","hsr_questionnaire",,"radio","I liked being the person who has the authority.","1, Not at all | 2, A little | 3, Moderately | 4, A lot",,,,,,,"y",,
"hsr_060","hsr_questionnaire",,"radio","I needed to count to a certain number before starting an activity.","1, Not at all | 2, A little | 3, Moderately | 4, A lot",,,,,,,"y",,
"hsr_061","hsr_questionnaire",,"radio","I was fearful of rats or mice.","1, Not at all | 2, A little | 3, Moderately | 4, A lot",,,,,,,"y",,
"hsr_062","hsr_questionnaire",,"radio","I continued to do things the same way, even though my approach clearly wasn't working.","1, Not at all | 2, A little | 3, Moderately | 4, A lot",,,,,,,"y",,
"hsr_063","hsr_questionnaire",,"radio","I expected to get treated better than others.","1, Not at all | 2, A little | 3, Moderately | 4, A lot",,,,,,,"y",,
"hsr_064","hsr_questionnaire",,"radio","I didn't get excited about very much.","1, Not at all | 2, A little | 3, Moderately | 4, A lot",,,,,,,"y",,
"hsr_065","hsr_questionnaire",,"radio","People told me that I was a very picky eater.","1, Not at all | 2, A little | 3, Moderately | 4, A lot",,,,,,,"y",,
"hsr_066","hsr_questionnaire",,"radio","I was afraid that I would have a panic attack in a small, tight, or enclosed space.","1, Not at all | 2, A little | 3, Moderately | 4, A lot",,,,,,,"y",,
"hsr_067","hsr_questionnaire",,"radio","I couldn't stop comparing my body to those of others.","1, Not at all | 2, A little | 3, Moderately | 4, A lot",,,,,,,"y",,
"hsr_068","hsr_questionnaire",,"radio","I stole from someone I knew without their knowledge.","1, Not at all | 2, A little | 3, Moderately | 4, A lot",,,,,,,"y",,
"hsr_069","hsr_questionnaire",,"radio","I had difficulty making eye contact with others.","1, Not at all | 2, A little | 3, Moderately | 4, A lot",,,,,,,"y",,
"hsr_070","hsr_questionnaire",,"radio","I had to cancel plans in order to get my exercise in.","1, Not at all | 2, A little | 3, Moderately | 4, A lot",,,,,,,"y",,
"hsr_071","hsr_questionnaire",,"radio","I had little or no interest in sexual activity.","1, Not at all | 2, A little | 3, Moderately | 4, A lot",,,,,,,"y",,
"hsr_072","hsr_questionnaire",,"radio","It was very important for me to take the lead.","1, Not at all | 2, A little | 3, Moderately | 4, A lot",,,,,,,"y",,
"hsr_073","hsr_questionnaire",,"radio","My skin picking created problems for me.","1, Not at all | 2, A little | 3, Moderately | 4, A lot",,,,,,,"y",,
"hsr_074","hsr_questionnaire",,"radio","I was so focused on being productive that I had less time for friends and family.","1, Not at all | 2, A little | 3, Moderately | 4, A lot",,,,,,,"y",,
"hsr_075","hsr_questionnaire",,"radio","I lied about myself to other people.","1, Not at all | 2, A little | 3, Moderately | 4, A lot",,,,,,,"y",,
"hsr_076","hsr_questionnaire",,"radio","I had a dream so distressing that it continued to affect me after waking.","1, Not at all | 2, A little | 3, Moderately | 4, A lot",,,,,,,"y",,
"hsr_077","hsr_questionnaire",,"radio","I was much more talkative than usual.","1, Not at all | 2, A little | 3, Moderately | 4, A lot",,,,,,,"y",,
"hsr_078","hsr_questionnaire",,"radio","I used medicines or supplements to bulk up.","1, Not at all | 2, A little | 3, Moderately | 4, A lot",,,,,,,"y",,
"hsr_079","hsr_questionnaire",,"radio","If I passed by a reflective surface (like a window), I checked how I looked.","1, Not at all | 2, A little | 3, Moderately | 4, A lot",,,,,,,"y",,
"hsr_080","hsr_questionnaire",,"radio","My imagination held my attention for hours.","1, Not at all | 2, A little | 3, Moderately | 4, A lot",,,,,,,"y",,
"hsr_081","hsr_questionnaire",,"radio","I was prone to daydreaming.","1, Not at all | 2, A little | 3, Moderately | 4, A lot",,,,,,,"y",,
"hsr_082","hsr_questionnaire",,"radio","I was unable to reach orgasm.","1, Not at all | 2, A little | 3, Moderately | 4, A lot",,,,,,,"y",,
"hsr_083","hsr_questionnaire",,"radio","I skipped two meals in a row.","1, Not at all | 2, A little | 3, Moderately | 4, A lot",,,,,,,"y",,
"hsr_084","hsr_questionnaire",,"radio","My desire for things to be flawless kept me from getting everything done.","1, Not at all | 2, A little | 3, Moderately | 4, A lot",,,,,,,"y",,
"hsr_085","hsr_questionnaire",,"radio","I was very confident in myself around other people.","1, Not at all | 2, A little | 3, Moderately | 4, A lot",,,,,,,"y",,
"hsr_086","hsr_questionnaire",,"radio","I did not feel like spending time with people.","1, Not at all | 2, A little | 3, Moderately | 4, A lot",,,,,,,"y",,
"hsr_087","hsr_questionnaire",,"radio","I was unable to control when I reached orgasm.","1, Not at all | 2, A little | 3, Moderately | 4, A lot",,,,,,,"y",,
"hsr_088","hsr_questionnaire",,"radio","I became disinterested in tasks easily.","1, Not at all | 2, A little | 3, Moderately | 4, A lot",,,,,,,"y",,
"hsr_089","hsr_questionnaire",,"radio","I felt cheerful.","1, Not at all | 2, A little | 3, Moderately | 4, A lot",,,,,,,"y",,
"hsr_090","hsr_questionnaire",,"radio","I got anxious when others were watching me.","1, Not at all | 2, A little | 3, Moderately | 4, A lot",,,,,,,"y",,
"hsr_091","hsr_questionnaire",,"radio","I thought I was the only one chosen by God for a special role.","1, Not at all | 2, A little | 3, Moderately | 4, A lot",,,,,,,"y",,
"hsr_092","hsr_questionnaire",,"radio","I exercised when I was injured.","1, Not at all | 2, A little | 3, Moderately | 4, A lot",,,,,,,"y",,
"hsr_093","hsr_questionnaire",,"radio","My heart was racing or pounding.","1, Not at all | 2, A little | 3, Moderately | 4, A lot",,,,,,,"y",,
"hsr_094","hsr_questionnaire",,"radio","My mind was flooded with troubling images of a bad experience.","1, Not at all | 2, A little | 3, Moderately | 4, A lot",,,,,,,"y",,
"hsr_095","hsr_questionnaire",,"radio","I deserved special treatment.","1, Not at all | 2, A little | 3, Moderately | 4, A lot",,,,,,,"y",,
"hsr_096","hsr_questionnaire",,"radio","I missed appointments because I forgot about them.","1, Not at all | 2, A little | 3, Moderately | 4, A lot",,,,,,,"y",,
"hsr_097","hsr_questionnaire",,"radio","People would describe me as a risk-taker.","1, Not at all | 2, A little | 3, Moderately | 4, A lot",,,,,,,"y",,
"hsr_098","hsr_questionnaire",,"radio","I turned down social invitations so that I could spend more time gaming.","1, Not at all | 2, A little | 3, Moderately | 4, A lot",,,,,,,"y",,
"hsr_099","hsr_questionnaire",,"radio","I was troubled by unexplained seizures or convulsions.","1, Not at all | 2, A little | 3, Moderately | 4, A lot",,,,,,,"y",,
"hsr_100","hsr_questionnaire",,"radio","I felt hopeless about the future.","1, Not at all | 2, A little | 3, Moderately | 4, A lot",,,,,,,"y",,
"hsr_101","hsr_questionnaire",,"radio","I tried to eat fewer snacks.","1, Not at all | 2, A little | 3, Moderately | 4, A lot",,,,,,,"y",,
"hsr_102","hsr_questionnaire",,"radio","I was afraid of spiders.","1, Not at all | 2, A little | 3, Moderately | 4, A lot",,,,,,,"y",,
"hsr_103","hsr_questionnaire",,"radio","Taking risks made me feel alive.","1, Not at all | 2, A little | 3, Moderately | 4, A lot",,,,,,,"y",,
"hsr_104","hsr_questionnaire",,"radio","I enjoyed rebelling against authority figures (e.g., police, teachers, bosses).","1, Not at all | 2, A little | 3, Moderately | 4, A lot",,,,,,,"y",,
"hsr_105","hsr_questionnaire",,"radio","I found it difficult to throw things away.","1, Not at all | 2, A little | 3, Moderately | 4, A lot",,,,,,,"y",,
"hsr_106","hsr_questionnaire",,"radio","Minor frustrations really upset me.","1, Not at all | 2, A little | 3, Moderately | 4, A lot",,,,,,,"y",,
"hsr_107","hsr_questionnaire",,"radio","I said unusual things.","1, Not at all | 2, A little | 3, Moderately | 4, A lot",,,,,,,"y",,
"hsr_108","hsr_questionnaire",,"radio","I tried to eat only healthy foods.","1, Not at all | 2, A little | 3, Moderately | 4, A lot",,,,,,,"y",,
"hsr_109","hsr_questionnaire",,"radio","I was afraid of getting trapped in a crowd.","1, Not at all | 2, A little | 3, Moderately | 4, A lot",,,,,,,"y",,
"hsr_110","hsr_questionnaire",,"radio","I had a nagging doubt that I'd failed to do something important.","1, Not at all | 2, A little | 3, Moderately | 4, A lot",,,,,,,"y",,
"hsr_111","hsr_questionnaire",,"radio","I got angry about small things.","1, Not at all | 2, A little | 3, Moderately | 4, A lot",,,,,,,"y",,
"hsr_112","hsr_questionnaire",,"radio","People told me that I work too much.","1, Not at all | 2, A little | 3, Moderately | 4, A lot",,,,,,,"y",,
"hsr_113","hsr_questionnaire",,"radio","I had periods of unexplained deafness.","1, Not at all | 2, A little | 3, Moderately | 4, A lot",,,,,,,"y",,
"hsr_114","hsr_questionnaire",,"radio","During sex, I consciously tried to delay orgasm so I could last longer.","1, Not at all | 2, A little | 3, Moderately | 4, A lot",,,,,,,"y",,
"hsr_115","hsr_questionnaire",,"radio","I felt something was wrong with my body.","1, Not at all | 2, A little | 3, Moderately | 4, A lot",,,,,,,"y",,
"hsr_116","hsr_questionnaire",,"radio","I could control things with my mind.","1, Not at all | 2, A little | 3, Moderately | 4, A lot",,,,,,,"y",,
"hsr_117","hsr_questionnaire",,"radio","I was watchful for danger.","1, Not at all | 2, A little | 3, Moderately | 4, A lot",,,,,,,"y",,
"hsr_118","hsr_questionnaire",,"radio","I felt like I would be unable to breathe in a small, tight, or enclosed space.","1, Not at all | 2, A little | 3, Moderately | 4, A lot",,,,,,,"y",,
"hsr_119","hsr_questionnaire",,"radio","I didn't pay much attention to social standards of behavior.","1, Not at all | 2, A little | 3, Moderately | 4, A lot",,,,,,,"y",,
"hsr_120","hsr_questionnaire",,"radio","I found sexual activity with someone unconscious (e.g., asleep or passed out from alcohol or a drug) sexually arousing.","1, Not at all | 2, A little | 3, Moderately | 4, A lot",,,,,,,"y",,
"hsr_121","hsr_questionnaire",,"radio","I collected things I did not need.","1, Not at all | 2, A little | 3, Moderately | 4, A lot",,,,,,,"y",,
"hsr_122","hsr_questionnaire",,"radio","I had a hard time asserting myself to others.","1, Not at all | 2, A little | 3, Moderately | 4, A lot",,,,,,,"y",,
"hsr_123","hsr_questionnaire",,"radio","People told me that I do not show emotions.","1, Not at all | 2, A little | 3, Moderately | 4, A lot",,,,,,,"y",,
"hsr_124","hsr_questionnaire",,"radio","I reached orgasm later than I wanted to.","1, Not at all | 2, A little | 3, Moderately | 4, A lot",,,,,,,"y",,
"hsr_125","hsr_questionnaire",,"radio","My temper scared people.","1, Not at all | 2, A little | 3, Moderately | 4, A lot",,,,,,,"y",,
"hsr_126","hsr_questionnaire",,"radio","Many people thought that my behavior was really strange.","1, Not at all | 2, A little | 3, Moderately | 4, A lot",,,,,,,"y",,
"hsr_127","hsr_questionnaire",,"radio","I was easily startled.","1, Not at all | 2, A little | 3, Moderately | 4, A lot",,,,,,,"y",,
"hsr_128","hsr_questionnaire",,"radio","My mood was negatively affected when I was unable to game as long as I wanted.","1, Not at all | 2, A little | 3, Moderately | 4, A lot",,,,,,,"y",,
"hsr_129","hsr_questionnaire",,"radio","My compulsive buying caused me financial problems.","1, Not at all | 2, A little | 3, Moderately | 4, A lot",,,,,,,"y",,
"hsr_130","hsr_questionnaire",,"radio","I thought it may be possible for other people to read my mind, or for me to read other's minds.","1, Not at all | 2, A little | 3, Moderately | 4, A lot",,,,,,,"y",,
"hsr_131","hsr_questionnaire",,"radio","I used substances during sex to encourage my partner to use substances too.","1, Not at all | 2, A little | 3, Moderately | 4, A lot",,,,,,,"y",,
"hsr_132","hsr_questionnaire",,"radio","I felt good about myself.","1, Not at all | 2, A little | 3, Moderately | 4, A lot",,,,,,,"y",,
"hsr_133","hsr_questionnaire",,"radio","I experienced chest pain.","1, Not at all | 2, A little | 3, Moderately | 4, A lot",,,,,,,"y",,
"hsr_134","hsr_questionnaire",,"radio","I kept items that I did not need.","1, Not at all | 2, A little | 3, Moderately | 4, A lot",,,,,,,"y",,
"hsr_135","hsr_questionnaire",,"radio","I was easily annoyed.","1, Not at all | 2, A little | 3, Moderately | 4, A lot",,,,,,,"y",,
"hsr_136","hsr_questionnaire",,"radio","I was so worked up I thought I might die.","1, Not at all | 2, A little | 3, Moderately | 4, A lot",,,,,,,"y",,
"hsr_137","hsr_questionnaire",,"radio","I got angry when people did not take my health problems seriously.","1, Not at all | 2, A little | 3, Moderately | 4, A lot",,,,,,,"y",,
"hsr_138","hsr_questionnaire",,"radio","I was concerned that other persons might bring me harm.","1, Not at all | 2, A little | 3, Moderately | 4, A lot",,,,,,,"y",,
"hsr_139","hsr_questionnaire",,"radio","I had trouble sitting still.","1, Not at all | 2, A little | 3, Moderately | 4, A lot",,,,,,,"y",,
"hsr_140","hsr_questionnaire",,"radio","Even on days off, I found myself thinking about work.","1, Not at all | 2, A little | 3, Moderately | 4, A lot",,,,,,,"y",,
"hsr_141","hsr_questionnaire",,"radio","I avoided taking risks at all costs.","1, Not at all | 2, A little | 3, Moderately | 4, A lot",,,,,,,"y",,
"hsr_142","hsr_questionnaire",,"radio","I avoided people who might bring back bad memories.","1, Not at all | 2, A little | 3, Moderately | 4, A lot",,,,,,,"y",,
"hsr_143","hsr_questionnaire",,"radio","My work success was the most valuable aspect of my life.","1, Not at all | 2, A little | 3, Moderately | 4, A lot",,,,,,,"y",,
"hsr_144","hsr_questionnaire",,"radio","My appetite was poor.","1, Not at all | 2, A little | 3, Moderately | 4, A lot",,,,,,,"y",,
"hsr_145","hsr_questionnaire",,"radio","I felt optimistic.","1, Not at all | 2, A little | 3, Moderately | 4, A lot",,,,,,,"y",,
"hsr_146","hsr_questionnaire",,"radio","I counted things over and over again.","1, Not at all | 2, A little | 3, Moderately | 4, A lot",,,,,,,"y",,
"hsr_147","hsr_questionnaire",,"radio","I enjoyed looking in the mirror.","1, Not at all | 2, A little | 3, Moderately | 4, A lot",,,,,,,"y",,
"hsr_148","hsr_questionnaire",,"radio","I mocked people.","1, Not at all | 2, A little | 3, Moderately | 4, A lot",,,,,,,"y",,
"hsr_149","hsr_questionnaire",,"radio","I had a hard time staying in my seat when I was supposed to be seated.","1, Not at all | 2, A little | 3, Moderately | 4, A lot",,,,,,,"y",,
"hsr_150","hsr_questionnaire",,"radio","I didn't care whether my behavior was considered proper or not.","1, Not at all | 2, A little | 3, Moderately | 4, A lot",,,,,,,"y",,
"hsr_151","hsr_questionnaire",,"radio","I found it difficult to reach orgasm.","1, Not at all | 2, A little | 3, Moderately | 4, A lot",,,,,,,"y",,
"hsr_152","hsr_questionnaire",,"radio","I had no interest in romantic relationships.","1, Not at all | 2, A little | 3, Moderately | 4, A lot",,,,,,,"y",,
"hsr_153","hsr_questionnaire",,"radio","I used substances to reduce anxiety during sexual activity.","1, Not at all | 2, A little | 3, Moderately | 4, A lot",,,,,,,"y",,
"hsr_154","hsr_questionnaire",,"radio","I lost myself in a fictional character.","1, Not at all | 2, A little | 3, Moderately | 4, A lot",,,,,,,"y",,
"hsr_155","hsr_questionnaire",,"radio","I was obsessed with cleanliness.","1, Not at all | 2, A little | 3, Moderately | 4, A lot",,,,,,,"y",,
"hsr_156","hsr_questionnaire",,"radio","I threatened someone with a weapon like a bat, brick, knife, or gun.","1, Not at all | 2, A little | 3, Moderately | 4, A lot",,,,,,,"y",,
"hsr_157","hsr_questionnaire",,"radio","I tried to kill myself.","1, Not at all | 2, A little | 3, Moderately | 4, A lot",,,,,,,"y",,
"hsr_158","hsr_questionnaire",,"radio","Major decisions took months of careful consideration to arrive at a choice.","1, Not at all | 2, A little | 3, Moderately | 4, A lot",,,,,,,"y",,
"hsr_159","hsr_questionnaire",,"radio","I quit working (my job, homework, or housework) before I was finished.","1, Not at all | 2, A little | 3, Moderately | 4, A lot",,,,,,,"y",,
"hsr_160","hsr_questionnaire",,"radio","I did things to get others to notice me.","1, Not at all | 2, A little | 3, Moderately | 4, A lot",,,,,,,"y",,
"hsr_161","hsr_questionnaire",,"radio","I became very anxious during a storm.","1, Not at all | 2, A little | 3, Moderately | 4, A lot",,,,,,,"y",,
"hsr_162","hsr_questionnaire",,"radio","I enjoyed being the center of attention.","1, Not at all | 2, A little | 3, Moderately | 4, A lot",,,,,,,"y",,
"hsr_163","hsr_questionnaire",,"radio","I spent more money shopping than I could afford.","1, Not at all | 2, A little | 3, Moderately | 4, A lot",,,,,,,"y",,
"hsr_164","hsr_questionnaire",,"radio","I had trouble standing up for myself.","1, Not at all | 2, A little | 3, Moderately | 4, A lot",,,,,,,"y",,
"hsr_165","hsr_questionnaire",,"radio","Special messages were written in papers or announced on TV just for me.","1, Not at all | 2, A little | 3, Moderately | 4, A lot",,,,,,,"y",,
"hsr_166","hsr_questionnaire",,"radio","Things went best when I told others what to do.","1, Not at all | 2, A little | 3, Moderately | 4, A lot",,,,,,,"y",,
"hsr_167","hsr_questionnaire",,"radio","I forged checks or used other people's credit cards without permission.","1, Not at all | 2, A little | 3, Moderately | 4, A lot",,,,,,,"y",,
"hsr_168","hsr_questionnaire",,"radio","I felt that things around me were not real.","1, Not at all | 2, A little | 3, Moderately | 4, A lot",,,,,,,"y",,
"hsr_169","hsr_questionnaire",,"radio","I recognized that I had a lot of special qualities.","1, Not at all | 2, A little | 3, Moderately | 4, A lot",,,,,,,"y",,
"hsr_170","hsr_questionnaire",,"radio","I felt worthless.","1, Not at all | 2, A little | 3, Moderately | 4, A lot",,,,,,,"y",,
"hsr_171","hsr_questionnaire",,"radio","I noticed small changes to how my body feels.","1, Not at all | 2, A little | 3, Moderately | 4, A lot",,,,,,,"y",,
"hsr_172","hsr_questionnaire",,"radio","I made decisions only after I had all the information I could get.","1, Not at all | 2, A little | 3, Moderately | 4, A lot",,,,,,,"y",,
"hsr_173","hsr_questionnaire",,"radio","I was afraid of heights.","1, Not at all | 2, A little | 3, Moderately | 4, A lot",,,,,,,"y",,
"hsr_174","hsr_questionnaire",,"radio","I spread rumors about other people.","1, Not at all | 2, A little | 3, Moderately | 4, A lot",,,,,,,"y",,
"hsr_175","hsr_questionnaire",,"radio","I tried to con or cheat other people.","1, Not at all | 2, A little | 3, Moderately | 4, A lot",,,,,,,"y",,
"hsr_176","hsr_questionnaire",,"radio","I had the experience that everything suddenly seemed unfamiliar and I forgot where I was.","1, Not at all | 2, A little | 3, Moderately | 4, A lot",,,,,,,"y",,
"hsr_177","hsr_questionnaire",,"radio","I kept gaming, even though it caused problems at work or school.","1, Not at all | 2, A little | 3, Moderately | 4, A lot",,,,,,,"y",,
"hsr_178","hsr_questionnaire",,"radio","I felt like I could go for days without sleeping.","1, Not at all | 2, A little | 3, Moderately | 4, A lot",,,,,,,"y",,
"hsr_179","hsr_questionnaire",,"radio","I was something of a workaholic.","1, Not at all | 2, A little | 3, Moderately | 4, A lot",,,,,,,"y",,
"hsr_180","hsr_questionnaire",,"radio","I engaged in sexual activities that I later regretted.","1, Not at all | 2, A little | 3, Moderately | 4, A lot",,,,,,,"y",,
"hsr_181","hsr_questionnaire",,"radio","I believed that if you are not careful, other people will take advantage of you.","1, Not at all | 2, A little | 3, Moderately | 4, A lot",,,,,,,"y",,
"hsr_182","hsr_questionnaire",,"radio","I enjoyed thinking about my future and the great things it would bring.","1, Not at all | 2, A little | 3, Moderately | 4, A lot",,,,,,,"y",,
"hsr_183","hsr_questionnaire",,"radio","I found watching unsuspecting people who were naked, masturbating, or having sex sexually arousing.","1, Not at all | 2, A little | 3, Moderately | 4, A lot",,,,,,,"y",,
"hsr_184","hsr_questionnaire",,"radio","I found it hard to resist the urge to shop.","1, Not at all | 2, A little | 3, Moderately | 4, A lot",,,,,,,"y",,
"hsr_185","hsr_questionnaire",,"radio","I vandalized or defaced public property.","1, Not at all | 2, A little | 3, Moderately | 4, A lot",,,,,,,"y",,
"hsr_186","hsr_questionnaire",,"radio","I was proud of myself.","1, Not at all | 2, A little | 3, Moderately | 4, A lot",,,,,,,"y",,
"hsr_187","hsr_questionnaire",,"radio","I found romantic relationships to be tiresome.","1, Not at all | 2, A little | 3, Moderately | 4, A lot",,,,,,,"y",,
"hsr_188","hsr_questionnaire",,"radio","I considered using syrup of ipecac, enemas, or suppositories to lose weight.","1, Not at all | 2, A little | 3, Moderately | 4, A lot",,,,,,,"y",,
"hsr_189","hsr_questionnaire",,"radio","My needs and wants came first.","1, Not at all | 2, A little | 3, Moderately | 4, A lot",,,,,,,"y",,
"hsr_190","hsr_questionnaire",,"radio","I went out of my way to avoid risks.","1, Not at all | 2, A little | 3, Moderately | 4, A lot",,,,,,,"y",,
"hsr_191","hsr_questionnaire",,"radio","I paid close attention to how my body feels.","1, Not at all | 2, A little | 3, Moderately | 4, A lot",,,,,,,"y",,
"hsr_192","hsr_questionnaire",,"radio","I pulled out hairs that were a different color or texture.","1, Not at all | 2, A little | 3, Moderately | 4, A lot",,,,,,,"y",,
"hsr_193","hsr_questionnaire",,"radio","My mind wandered far away from the present.","1, Not at all | 2, A little | 3, Moderately | 4, A lot",,,,,,,"y",,
"hsr_194","hsr_questionnaire",,"radio","I was overwhelmed by anxiety.","1, Not at all | 2, A little | 3, Moderately | 4, A lot",,,,,,,"y",,
"hsr_195","hsr_questionnaire",,"radio","People told me that I was too perfectionistic.","1, Not at all | 2, A little | 3, Moderately | 4, A lot",,,,,,,"y",,
"hsr_196","hsr_questionnaire",,"radio","I bet more money than I could really afford to lose.","1, Not at all | 2, A little | 3, Moderately | 4, A lot",,,,,,,"y",,
"hsr_197","hsr_questionnaire",,"radio","I focused on eating more healthy foods.","1, Not at all | 2, A little | 3, Moderately | 4, A lot",,,,,,,"y",,
"hsr_198","hsr_questionnaire",,"radio","I experienced sudden muscle weakness or paralysis.","1, Not at all | 2, A little | 3, Moderately | 4, A lot",,,,,,,"y",,
"hsr_199","hsr_questionnaire",,"radio","I felt compelled to count things.","1, Not at all | 2, A little | 3, Moderately | 4, A lot",,,,,,,"y",,
"hsr_200","hsr_questionnaire",,"radio","My mood changed suddenly for no good reason.","1, Not at all | 2, A little | 3, Moderately | 4, A lot",,,,,,,"y",,
"hsr_201","hsr_questionnaire",,"radio","I paid a lot of attention to how I look.","1, Not at all | 2, A little | 3, Moderately | 4, A lot",,,,,,,"y",,
"hsr_202","hsr_questionnaire",,"radio","I lost a significant amount of weight without even trying.","1, Not at all | 2, A little | 3, Moderately | 4, A lot",,,,,,,"y",,
"hsr_203","hsr_questionnaire",,"radio","I experienced a sudden sensory loss (e.g., seeing or hearing problems) that doctors could not explain.","1, Not at all | 2, A little | 3, Moderately | 4, A lot",,,,,,,"y",,
"hsr_204","hsr_questionnaire",,"radio","I quickly went from being sad to being happy.","1, Not at all | 2, A little | 3, Moderately | 4, A lot",,,,,,,"y",,
"hsr_205","hsr_questionnaire",,"radio","I spent time planning how to reduce my food intake.","1, Not at all | 2, A little | 3, Moderately | 4, A lot",,,,,,,"y",,
"hsr_206","hsr_questionnaire",,"radio","I was cautious.","1, Not at all | 2, A little | 3, Moderately | 4, A lot",,,,,,,"y",,
"hsr_207","hsr_questionnaire",,"radio","I enjoyed activities that were a little bit dangerous.","1, Not at all | 2, A little | 3, Moderately | 4, A lot",,,,,,,"y",,
"hsr_208","hsr_questionnaire",,"radio","I avoided places that reminded me of something bad that happened.","1, Not at all | 2, A little | 3, Moderately | 4, A lot",,,,,,,"y",,
"hsr_209","hsr_questionnaire",,"radio","I felt that the world is a dangerous place.","1, Not at all | 2, A little | 3, Moderately | 4, A lot",,,,,,,"y",,
"hsr_210","hsr_questionnaire",,"radio","I was sensitive to changes in my body.","1, Not at all | 2, A little | 3, Moderately | 4, A lot",,,,,,,"y",,
"hsr_211","hsr_questionnaire",,"radio","I did not have much sympathy for others.","1, Not at all | 2, A little | 3, Moderately | 4, A lot",,,,,,,"y",,
"hsr_212","hsr_questionnaire",,"radio","People told me that I did not eat enough.","1, Not at all | 2, A little | 3, Moderately | 4, A lot",,,,,,,"y",,
"hsr_213","hsr_questionnaire",,"radio","I was a rule breaker.","1, Not at all | 2, A little | 3, Moderately | 4, A lot",,,,,,,"y",,
"hsr_214","hsr_questionnaire",,"radio","I was grouchy.","1, Not at all | 2, A little | 3, Moderately | 4, A lot",,,,,,,"y",,
"hsr_215","hsr_questionnaire",,"radio","I bit myself on purpose.","1, Not at all | 2, A little | 3, Moderately | 4, A lot",,,,,,,"y",,
"hsr_216","hsr_questionnaire",,"radio","I strove for perfection, even when others said that I should move on.","1, Not at all | 2, A little | 3, Moderately | 4, A lot",,,,,,,"y",,
"hsr_217","hsr_questionnaire",,"radio","I had an illness or disease that others dismissed.","1, Not at all | 2, A little | 3, Moderately | 4, A lot",,,,,,,"y",,
"hsr_218","hsr_questionnaire",,"radio","When in public, I liked to stand out.","1, Not at all | 2, A little | 3, Moderately | 4, A lot",,,,,,,"y",,
"hsr_219","hsr_questionnaire",,"radio","I failed to consider the consequences of an action.","1, Not at all | 2, A little | 3, Moderately | 4, A lot",,,,,,,"y",,
"hsr_220","hsr_questionnaire",,"radio","My fantasies felt very real to me.","1, Not at all | 2, A little | 3, Moderately | 4, A lot",,,,,,,"y",,
"hsr_221","hsr_questionnaire",,"radio","I saw a person but then realized it was just a shadow.","1, Not at all | 2, A little | 3, Moderately | 4, A lot",,,,,,,"y",,
"hsr_222","hsr_questionnaire",,"radio","Seeing something gory made me woozy.","1, Not at all | 2, A little | 3, Moderately | 4, A lot",,,,,,,"y",,
"hsr_223","hsr_questionnaire",,"radio","I believed other people could actually hear my thoughts.","1, Not at all | 2, A little | 3, Moderately | 4, A lot",,,,,,,"y",,
"hsr_224","hsr_questionnaire",,"radio","I felt very stressed.","1, Not at all | 2, A little | 3, Moderately | 4, A lot",,,,,,,"y",,
"hsr_225","hsr_questionnaire",,"radio","I was rigid and inflexible in my approach to doing things.","1, Not at all | 2, A little | 3, Moderately | 4, A lot",,,,,,,"y",,
"hsr_226","hsr_questionnaire",,"radio","I said things that were not true.","1, Not at all | 2, A little | 3, Moderately | 4, A lot",,,,,,,"y",,
"hsr_227","hsr_questionnaire",,"radio","I felt on guard and on edge.","1, Not at all | 2, A little | 3, Moderately | 4, A lot",,,,,,,"y",,
"hsr_228","hsr_questionnaire",,"radio","I tried to break up someone else's friendship or romantic relationship.","1, Not at all | 2, A little | 3, Moderately | 4, A lot",,,,,,,"y",,
"hsr_229","hsr_questionnaire",,"radio","I felt the need to stand up when I should have been sitting down.","1, Not at all | 2, A little | 3, Moderately | 4, A lot",,,,,,,"y",,
"hsr_230","hsr_questionnaire",,"radio","I found exposing my genitals to a stranger sexually arousing.","1, Not at all | 2, A little | 3, Moderately | 4, A lot",,,,,,,"y",,
"hsr_231","hsr_questionnaire",,"radio","My moods were intense and unpredictable.","1, Not at all | 2, A little | 3, Moderately | 4, A lot",,,,,,,"y",,
"hsr_232","hsr_questionnaire",,"radio","I felt faint at the sight of blood.","1, Not at all | 2, A little | 3, Moderately | 4, A lot",,,,,,,"y",,
"hsr_233","hsr_questionnaire",,"radio","I had very little energy.","1, Not at all | 2, A little | 3, Moderately | 4, A lot",,,,,,,"y",,
"hsr_234","hsr_questionnaire",,"radio","My mind felt mixed up.","1, Not at all | 2, A little | 3, Moderately | 4, A lot",,,,,,,"y",,
"hsr_235","hsr_questionnaire",,"radio","At times, I just wanted to feel pain.","1, Not at all | 2, A little | 3, Moderately | 4, A lot",,,,,,,"y",,
"hsr_236","hsr_questionnaire",,"radio","People told me I was coldhearted.","1, Not at all | 2, A little | 3, Moderately | 4, A lot",,,,,,,"y",,
"hsr_237","hsr_questionnaire",,"radio","I tried to conceal areas where I had picked at my skin.","1, Not at all | 2, A little | 3, Moderately | 4, A lot",,,,,,,"y",,
"hsr_238","hsr_questionnaire",,"radio","I found sex physically uncomfortable.","1, Not at all | 2, A little | 3, Moderately | 4, A lot",,,,,,,"y",,
"hsr_239","hsr_questionnaire",,"radio","I broke into houses, buildings, or cars.","1, Not at all | 2, A little | 3, Moderately | 4, A lot",,,,,,,"y",,
"hsr_240","hsr_questionnaire",,"radio","Reading articles about disease made me worry about my health.","1, Not at all | 2, A little | 3, Moderately | 4, A lot",,,,,,,"y",,
"hsr_241","hsr_questionnaire",,"radio","Some people were out to harm me.","1, Not at all | 2, A little | 3, Moderately | 4, A lot",,,,,,,"y",,
"hsr_242","hsr_questionnaire",,"radio","I lost things that I needed.","1, Not at all | 2, A little | 3, Moderately | 4, A lot",,,,,,,"y",,
"hsr_243","hsr_questionnaire",,"radio","I said things without thinking.","1, Not at all | 2, A little | 3, Moderately | 4, A lot",,,,,,,"y",,
"hsr_244","hsr_questionnaire",,"radio","I wanted well-defined stomach muscles.","1, Not at all | 2, A little | 3, Moderately | 4, A lot",,,,,,,"y",,
"hsr_245","hsr_questionnaire",,"radio","I did not experience enough sexual arousal (penile erection or vaginal lubrication) to enjoy sex.","1, Not at all | 2, A little | 3, Moderately | 4, A lot",,,,,,,"y",,
"hsr_246","hsr_questionnaire",,"radio","I struggled to think clearly.","1, Not at all | 2, A little | 3, Moderately | 4, A lot",,,,,,,"y",,
"hsr_247","hsr_questionnaire",,"radio","I could feel changes in my body.","1, Not at all | 2, A little | 3, Moderately | 4, A lot",,,,,,,"y",,
"hsr_248","hsr_questionnaire",,"radio","I found touching or rubbing against a stranger sexually arousing.","1, Not at all | 2, A little | 3, Moderately | 4, A lot",,,,,,,"y",,
"hsr_249","hsr_questionnaire",,"radio","I looked for ways to make time for gaming.","1, Not at all | 2, A little | 3, Moderately | 4, A lot",,,,,,,"y",,
"hsr_250","hsr_questionnaire",,"radio","I was not all that concerned with other peoples' needs.","1, Not at all | 2, A little | 3, Moderately | 4, A lot",,,,,,,"y",,
"hsr_251","hsr_questionnaire",,"radio","People talked behind my back.","1, Not at all | 2, A little | 3, Moderately | 4, A lot",,,,,,,"y",,
"hsr_252","hsr_questionnaire",,"radio","I did not like taking chances.","1, Not at all | 2, A little | 3, Moderately | 4, A lot",,,,,,,"y",,
"hsr_253","hsr_questionnaire",,"radio","I thought about things in unusual ways.","1, Not at all | 2, A little | 3, Moderately | 4, A lot",,,,,,,"y",,
"hsr_254","hsr_questionnaire",,"radio","I was afraid of flying.","1, Not at all | 2, A little | 3, Moderately | 4, A lot",,,,,,,"y",,
"hsr_255","hsr_questionnaire",,"radio","I did not like my weight (the number on the scale).","1, Not at all | 2, A little | 3, Moderately | 4, A lot",,,,,,,"y",,
"hsr_256","hsr_questionnaire",,"radio","People said I am strange.","1, Not at all | 2, A little | 3, Moderately | 4, A lot",,,,,,,"y",,
"hsr_257","hsr_questionnaire",,"radio","I used certain medications (e.g. laxatives, diuretics) to lose weight.","1, Not at all | 2, A little | 3, Moderately | 4, A lot",,,,,,,"y",,
"hsr_258","hsr_questionnaire",,"radio","I preferred to do things the safest way possible.","1, Not at all | 2, A little | 3, Moderately | 4, A lot",,,,,,,"y",,
"hsr_259","hsr_questionnaire",,"radio","I heard things that no one else could hear.","1, Not at all | 2, A little | 3, Moderately | 4, A lot",,,,,,,"y",,
"hsr_260","hsr_questionnaire",,"radio","I avoided small, tight, or enclosed spaces.","1, Not at all | 2, A little | 3, Moderately | 4, A lot",,,,,,,"y",,
"hsr_261","hsr_questionnaire",,"radio","People were basically selfish with little concern for others.","1, Not at all | 2, A little | 3, Moderately | 4, A lot",,,,,,,"y",,
"hsr_262","hsr_questionnaire",,"radio","People said I could be a bully.","1, Not at all | 2, A little | 3, Moderately | 4, A lot",,,,,,,"y",,
"hsr_263","hsr_questionnaire",,"radio","I had angry outbursts.","1, Not at all | 2, A little | 3, Moderately | 4, A lot",,,,,,,"y",,
"hsr_264","hsr_questionnaire",,"radio","I felt that other persons were acting against me.","1, Not at all | 2, A little | 3, Moderately | 4, A lot",,,,,,,"y",,
"hsr_265","hsr_questionnaire",,"radio","I had blank spells or periods of missing time.","1, Not at all | 2, A little | 3, Moderately | 4, A lot",,,,,,,"y",,
"hsr_266","hsr_questionnaire",,"radio","I exercised more than was good for me.","1, Not at all | 2, A little | 3, Moderately | 4, A lot",,,,,,,"y",,
"hsr_267","hsr_questionnaire",,"radio","Nightmares caused me to wake up at night.","1, Not at all | 2, A little | 3, Moderately | 4, A lot",,,,,,,"y",,
"hsr_268","hsr_questionnaire",,"radio","I forced someone to have sex with me.","1, Not at all | 2, A little | 3, Moderately | 4, A lot",,,,,,,"y",,
"hsr_269","hsr_questionnaire",,"radio","I paid my bills late or missed other important deadlines.","1, Not at all | 2, A little | 3, Moderately | 4, A lot",,,,,,,"y",,
"hsr_270","hsr_questionnaire",,"radio","I was very irritable.","1, Not at all | 2, A little | 3, Moderately | 4, A lot",,,,,,,"y",,
"hsr_271","hsr_questionnaire",,"radio","I was dissatisfied with the shape of my body.","1, Not at all | 2, A little | 3, Moderately | 4, A lot",,,,,,,"y",,
"hsr_272","hsr_questionnaire",,"radio","I was frustrated with having to convince others I had a real illness.","1, Not at all | 2, A little | 3, Moderately | 4, A lot",,,,,,,"y",,
"hsr_273","hsr_questionnaire",,"radio","I could not return to a task after getting distracted.","1, Not at all | 2, A little | 3, Moderately | 4, A lot",,,,,,,"y",,
"hsr_274","hsr_questionnaire",,"radio","I got in trouble with the law.","1, Not at all | 2, A little | 3, Moderately | 4, A lot",,,,,,,"y",,
"hsr_275","hsr_questionnaire",,"radio","It was painful for me to have (or try to have) penetrative vaginal or anal intercourse.","1, Not at all | 2, A little | 3, Moderately | 4, A lot",,,,,,,"y",,
"hsr_276","hsr_questionnaire",,"radio","I felt like I was outside of my body.","1, Not at all | 2, A little | 3, Moderately | 4, A lot",,,,,,,"y",,
"hsr_277","hsr_questionnaire",,"radio","I was very set in my ways.","1, Not at all | 2, A little | 3, Moderately | 4, A lot",,,,,,,"y",,
"hsr_278","hsr_questionnaire",,"radio","I was happiest when I was alone.","1, Not at all | 2, A little | 3, Moderately | 4, A lot",,,,,,,"y",,
"hsr_279","hsr_questionnaire",,"radio","Bulking up muscle while staying lean was a main fitness goal for me.","1, Not at all | 2, A little | 3, Moderately | 4, A lot",,,,,,,"y",,
"hsr_280","hsr_questionnaire",,"radio","I smelled things that were not actually there.","1, Not at all | 2, A little | 3, Moderately | 4, A lot",,,,,,,"y",,
"hsr_281","hsr_questionnaire",,"radio","I was worried about my sex life.","1, Not at all | 2, A little | 3, Moderately | 4, A lot",,,,,,,"y",,
"hsr_282","hsr_questionnaire",,"radio","I had a recurring bad dream.","1, Not at all | 2, A little | 3, Moderately | 4, A lot",,,,,,,"y",,
"hsr_283","hsr_questionnaire",,"radio","I was acutely aware of what was going on with my body.","1, Not at all | 2, A little | 3, Moderately | 4, A lot",,,,,,,"y",,
"hsr_284","hsr_questionnaire",,"radio","I felt uninterested during sexual activity","1, Not at all | 2, A little | 3, Moderately | 4, A lot",,,,,,,"y",,
"hsr_285","hsr_questionnaire",,"radio","I exercised until I felt sick.","1, Not at all | 2, A little | 3, Moderately | 4, A lot",,,,,,,"y",,
"hsr_286","hsr_questionnaire",,"radio","During sex, I usually climaxed very quickly.","1, Not at all | 2, A little | 3, Moderately | 4, A lot",,,,,,,"y",,
"hsr_287","hsr_questionnaire",,"radio","I hid my emotions.","1, Not at all | 2, A little | 3, Moderately | 4, A lot",,,,,,,"y",,
"hsr_288","hsr_questionnaire",,"radio","I felt a lot more hyper or active than usual.","1, Not at all | 2, A little | 3, Moderately | 4, A lot",,,,,,,"y",,
"hsr_289","hsr_questionnaire",,"radio","I put a lot of thought into ideas before I took any action.","1, Not at all | 2, A little | 3, Moderately | 4, A lot",,,,,,,"y",,
"hsr_290","hsr_questionnaire",,"radio","I used substances to make my partner more appealing.","1, Not at all | 2, A little | 3, Moderately | 4, A lot",,,,,,,"y",,
"hsr_291","hsr_questionnaire",,"radio","I avoided small public spaces (such as an office or restaurant).","1, Not at all | 2, A little | 3, Moderately | 4, A lot",,,,,,,"y",,
"hsr_292","hsr_questionnaire",,"radio","I engaged in risky sexual activity.","1, Not at all | 2, A little | 3, Moderately | 4, A lot",,,,,,,"y",,
"hsr_293","hsr_questionnaire",,"radio","I vomited to control my weight.","1, Not at all | 2, A little | 3, Moderately | 4, A lot",,,,,,,"y",,
"hsr_294","hsr_questionnaire",,"radio","I was a messy person.","1, Not at all | 2, A little | 3, Moderately | 4, A lot",,,,,,,"y",,
"hsr_295","hsr_questionnaire",,"radio","Gambling caused me to go into debt.","1, Not at all | 2, A little | 3, Moderately | 4, A lot",,,,,,,"y",,
"hsr_296","hsr_questionnaire",,"radio","I worried about getting germs through contact with animals.","1, Not at all | 2, A little | 3, Moderately | 4, A lot",,,,,,,"y",,
"hsr_297","hsr_questionnaire",,"radio","It was difficult to find healthcare providers who recognized my illness.","1, Not at all | 2, A little | 3, Moderately | 4, A lot",,,,,,,"y",,
"hsr_298","hsr_questionnaire",,"radio","I hurt myself on purpose.","1, Not at all | 2, A little | 3, Moderately | 4, A lot",,,,,,,"y",,
"hsr_299","hsr_questionnaire",,"radio","I was unable to concentrate on a task when it was uninteresting to me.","1, Not at all | 2, A little | 3, Moderately | 4, A lot",,,,,,,"y",,
"hsr_300","hsr_questionnaire",,"radio","Nothing seemed interesting to me.","1, Not at all | 2, A little | 3, Moderately | 4, A lot",,,,,,,"y",,
"hsr_301","hsr_questionnaire",,"radio","I liked attracting the attention of others.","1, Not at all | 2, A little | 3, Moderately | 4, A lot",,,,,,,"y",,
"hsr_302","hsr_questionnaire",,"radio","I found myself worrying whether I actually did something or only intended to do it.","1, Not at all | 2, A little | 3, Moderately | 4, A lot",,,,,,,"y",,
"hsr_303","hsr_questionnaire",,"radio","I found it easy to deceive others.","1, Not at all | 2, A little | 3, Moderately | 4, A lot",,,,,,,"y",,
"hsr_304","hsr_questionnaire",,"radio","I felt nervous and on edge.","1, Not at all | 2, A little | 3, Moderately | 4, A lot",,,,,,,"y",,
"hsr_305","hsr_questionnaire",,"radio","I had trouble telling whether something really happened or I just imagined it.","1, Not at all | 2, A little | 3, Moderately | 4, A lot",,,,,,,"y",,
"hsr_306","hsr_questionnaire",,"radio","I could not feel things I touched.","1, Not at all | 2, A little | 3, Moderately | 4, A lot",,,,,,,"y",,
"hsr_307","hsr_questionnaire",,"radio","I insulted others.","1, Not at all | 2, A little | 3, Moderately | 4, A lot",,,,,,,"y",,
"hsr_308","hsr_questionnaire",,"radio","I was afraid that I might be having a heart attack.","1, Not at all | 2, A little | 3, Moderately | 4, A lot",,,,,,,"y",,
"hsr_309","hsr_questionnaire",,"radio","People told me I exercised too much.","1, Not at all | 2, A little | 3, Moderately | 4, A lot",,,,,,,"y",,
"hsr_310","hsr_questionnaire",,"radio","I was happiest when I was in a romantic relationship.","1, Not at all | 2, A little | 3, Moderately | 4, A lot",,,,,,,"y",,
"hsr_311","hsr_questionnaire",,"radio","I felt like I no longer existed.","1, Not at all | 2, A little | 3, Moderately | 4, A lot",,,,,,,"y",,
"hsr_312","hsr_questionnaire",,"radio","I had to clean myself because I felt contaminated.","1, Not at all | 2, A little | 3, Moderately | 4, A lot",,,,,,,"y",,
"hsr_313","hsr_questionnaire",,"radio","I carefully weighed out the pros and cons before I made any decision.","1, Not at all | 2, A little | 3, Moderately | 4, A lot",,,,,,,"y",,
"hsr_314","hsr_questionnaire",,"radio","I experienced loss of consciousness or had fainting spells (in the absence of a diagnosed medical disorder)","1, Not at all | 2, A little | 3, Moderately | 4, A lot",,,,,,,"y",,
"hsr_315","hsr_questionnaire",,"radio","I refused to compromise because I knew I was right.","1, Not at all | 2, A little | 3, Moderately | 4, A lot",,,,,,,"y",,
"hsr_316","hsr_questionnaire",,"radio","Sexual activity was even more enjoyable for me when I was intoxicated/high.","1, Not at all | 2, A little | 3, Moderately | 4, A lot",,,,,,,"y",,
"hsr_317","hsr_questionnaire",,"radio","I felt the urge to check to make sure I really had done something.","1, Not at all | 2, A little | 3, Moderately | 4, A lot",,,,,,,"y",,
"hsr_318","hsr_questionnaire",,"radio","I spent too much time thinking about illnesses I might have.","1, Not at all | 2, A little | 3, Moderately | 4, A lot",,,,,,,"y",,
"hsr_319","hsr_questionnaire",,"radio","I had much more energy than usual.","1, Not at all | 2, A little | 3, Moderately | 4, A lot",,,,,,,"y",,
"hsr_320","hsr_questionnaire",,"radio","I avoided foods because of their smell or texture.","1, Not at all | 2, A little | 3, Moderately | 4, A lot",,,,,,,"y",,
"hsr_321","hsr_questionnaire",,"radio","I didn't respond to things that other people found emotional.","1, Not at all | 2, A little | 3, Moderately | 4, A lot",,,,,,,"y",,
"hsr_322","hsr_questionnaire",,"radio","After I left my home, I worried that I failed to do something.","1, Not at all | 2, A little | 3, Moderately | 4, A lot",,,,,,,"y",,
"hsr_323","hsr_questionnaire",,"radio","I was afraid of getting stung or bitten.","1, Not at all | 2, A little | 3, Moderately | 4, A lot",,,,,,,"y",,
"hsr_324","hsr_questionnaire",,"radio","I was bothered by several bodily symptoms (e.g., headache, fatigue or stomach problems) for which there was no clear or sufficient medical explanation.","1, Not at all | 2, A little | 3, Moderately | 4, A lot",,,,,,,"y",,
"hsr_325","hsr_questionnaire",,"radio","I thought about killing myself.","1, Not at all | 2, A little | 3, Moderately | 4, A lot",,,,,,,"y",,
"hsr_326","hsr_questionnaire",,"radio","I had so much energy that others couldn't keep up with me.","1, Not at all | 2, A little | 3, Moderately | 4, A lot",,,,,,,"y",,
"hsr_327","hsr_questionnaire",,"radio","I made people believe almost anything.","1, Not at all | 2, A little | 3, Moderately | 4, A lot",,,,,,,"y",,
"hsr_328","hsr_questionnaire",,"radio","I dressed so as to call attention to myself.","1, Not at all | 2, A little | 3, Moderately | 4, A lot",,,,,,,"y",,
"hsr_329","hsr_questionnaire",,"radio","I did not really care how others felt.","1, Not at all | 2, A little | 3, Moderately | 4, A lot",,,,,,,"y",,
"hsr_330","hsr_questionnaire",,"radio","I suddenly felt as if a traumatic event were actually happening again.","1, Not at all | 2, A little | 3, Moderately | 4, A lot",,,,,,,"y",,
"hsr_331","hsr_questionnaire",,"radio","The sight of a needle upset me.","1, Not at all | 2, A little | 3, Moderately | 4, A lot",,,,,,,"y",,
"hsr_332","hsr_questionnaire",,"radio","I was afraid that I might suffer from a serious illness","1, Not at all | 2, A little | 3, Moderately | 4, A lot",,,,,,,"y",,
"hsr_333","hsr_questionnaire",,"radio","I slept very poorly.","1, Not at all | 2, A little | 3, Moderately | 4, A lot",,,,,,,"y",,
"hsr_334","hsr_questionnaire",,"radio","I kept my shopping a secret.","1, Not at all | 2, A little | 3, Moderately | 4, A lot",,,,,,,"y",,
"hsr_335","hsr_questionnaire",,"radio","I spent a lot of time grooming myself.","1, Not at all | 2, A little | 3, Moderately | 4, A lot",,,,,,,"y",,
"hsr_336","hsr_questionnaire",,"radio","Some people thought I was self-centered.","1, Not at all | 2, A little | 3, Moderately | 4, A lot",,,,,,,"y",,
"hsr_337","hsr_questionnaire",,"radio","I had trouble planning and keeping to schedules.","1, Not at all | 2, A little | 3, Moderately | 4, A lot",,,,,,,"y",,
"hsr_338","hsr_questionnaire",,"radio","Romantic relationships seemed like a hassle to me.","1, Not at all | 2, A little | 3, Moderately | 4, A lot",,,,,,,"y",,
"hsr_339","hsr_questionnaire",,"radio","I could have improved on my organizational skills.","1, Not at all | 2, A little | 3, Moderately | 4, A lot",,,,,,,"y",,
"hsr_340","hsr_questionnaire",,"radio","I was a thrill-seeker.","1, Not at all | 2, A little | 3, Moderately | 4, A lot",,,,,,,"y",,
"hsr_341","hsr_questionnaire",,"radio","Even when I was very careful, I worried whether I had done something correctly.","1, Not at all | 2, A little | 3, Moderately | 4, A lot",,,,,,,"y",,
"hsr_342","hsr_questionnaire",,"radio","I kept gambling even though it caused problems in my relationships.","1, Not at all | 2, A little | 3, Moderately | 4, A lot",,,,,,,"y",,
"hsr_343","hsr_questionnaire",,"radio","I was ashamed of myself.","1, Not at all | 2, A little | 3, Moderately | 4, A lot",,,,,,,"y",,
"hsr_344","hsr_questionnaire",,"radio","I tensed up during sexual activity due to pain.","1, Not at all | 2, A little | 3, Moderately | 4, A lot",,,,,,,"y",,
"hsr_345","hsr_questionnaire",,"radio","Others could easily take advantage of me because I was too passive.","1, Not at all | 2, A little | 3, Moderately | 4, A lot",,,,,,,"y",,
"hsr_346","hsr_questionnaire",,"radio","I tried to limit the number of fatty foods I ate.","1, Not at all | 2, A little | 3, Moderately | 4, A lot",,,,,,,"y",,
"hsr_347","hsr_questionnaire",,"radio","I was afraid of the dark.","1, Not at all | 2, A little | 3, Moderately | 4, A lot",,,,,,,"y",,
"hsr_348","hsr_questionnaire",,"radio","I engaged in unprotected sex.","1, Not at all | 2, A little | 3, Moderately | 4, A lot",,,,,,,"y",,
"hsr_349","hsr_questionnaire",,"radio","I thought that certain numbers were lucky for me.","1, Not at all | 2, A little | 3, Moderately | 4, A lot",,,,,,,"y",,
"hsr_350","hsr_questionnaire",,"radio","I spent a lot of time getting ready before going out.","1, Not at all | 2, A little | 3, Moderately | 4, A lot",,,,,,,"y",,
"hsr_351","hsr_questionnaire",,"radio","When in a group, I liked to be in control.","1, Not at all | 2, A little | 3, Moderately | 4, A lot",,,,,,,"y",,
"hsr_352","hsr_questionnaire",,"radio","Others could not be trusted.","1, Not at all | 2, A little | 3, Moderately | 4, A lot",,,,,,,"y",,
"hsr_353","hsr_questionnaire",,"radio","I avoided contact with people because I was worried about germs.","1, Not at all | 2, A little | 3, Moderately | 4, A lot",,,,,,,"y",,
"hsr_354","hsr_questionnaire",,"radio","I examined every single option before making a selection.","1, Not at all | 2, A little | 3, Moderately | 4, A lot",,,,,,,"y",,
"hsr_355","hsr_questionnaire",,"radio","I demanded perfection from myself.","1, Not at all | 2, A little | 3, Moderately | 4, A lot",,,,,,,"y",,
"hsr_356","hsr_questionnaire",,"radio","People admired me.","1, Not at all | 2, A little | 3, Moderately | 4, A lot",,,,,,,"y",,
"hsr_357","hsr_questionnaire",,"radio","I woke up early and could not get back to sleep.","1, Not at all | 2, A little | 3, Moderately | 4, A lot",,,,,,,"y",,
"hsr_358","hsr_questionnaire",,"radio","I ate a very large amount of food in a short period of time (e.g., within 2 hours).","1, Not at all | 2, A little | 3, Moderately | 4, A lot",,,,,,,"y",,
"hsr_359","hsr_questionnaire",,"radio","I had trouble staying asleep.","1, Not at all | 2, A little | 3, Moderately | 4, A lot",,,,,,,"y",,
"hsr_360","hsr_questionnaire",,"radio","I was never on time.","1, Not at all | 2, A little | 3, Moderately | 4, A lot",,,,,,,"y",,
"hsr_361","hsr_questionnaire",,"radio","I went a long time without eating.","1, Not at all | 2, A little | 3, Moderately | 4, A lot",,,,,,,"y",,
"hsr_362","hsr_questionnaire",,"radio","I made excuses to avoid eating.","1, Not at all | 2, A little | 3, Moderately | 4, A lot",,,,,,,"y",,
"hsr_363","hsr_questionnaire",,"radio","I was easily distracted.","1, Not at all | 2, A little | 3, Moderately | 4, A lot",,,,,,,"y",,
"hsr_364","hsr_questionnaire",,"radio","Many types of food disgusted me.","1, Not at all | 2, A little | 3, Moderately | 4, A lot",,,,,,,"y",,
"hsr_365","hsr_questionnaire",,"radio","I felt depressed.","1, Not at all | 2, A little | 3, Moderately | 4, A lot",,,,,,,"y",,
"hsr_366","hsr_questionnaire",,"radio","I picked at areas of my skin that I don't like.","1, Not at all | 2, A little | 3, Moderately | 4, A lot",,,,,,,"y",,
"hsr_367","hsr_questionnaire",,"radio","Took a lot of effort to get going.","1, Not at all | 2, A little | 3, Moderately | 4, A lot",,,,,,,"y",,
"hsr_368","hsr_questionnaire",,"radio","I reached orgasm sooner than I wanted to.","1, Not at all | 2, A little | 3, Moderately | 4, A lot",,,,,,,"y",,
"hsr_369","hsr_questionnaire",,"radio","It was important to me to build muscle mass and eliminate body fat.","1, Not at all | 2, A little | 3, Moderately | 4, A lot",,,,,,,"y",,
"hsr_370","hsr_questionnaire",,"radio","I felt shy around other people.","1, Not at all | 2, A little | 3, Moderately | 4, A lot",,,,,,,"y",,
"hsr_371","hsr_questionnaire",,"radio","My muscles were weak.","1, Not at all | 2, A little | 3, Moderately | 4, A lot",,,,,,,"y",,
"hsr_372","hsr_questionnaire",,"radio","Being muscular was very important to me.","1, Not at all | 2, A little | 3, Moderately | 4, A lot",,,,,,,"y",,
"hsr_373","hsr_questionnaire",,"radio","I thought a lot about death.","1, Not at all | 2, A little | 3, Moderately | 4, A lot",,,,,,,"y",,
"hsr_374","hsr_questionnaire",,"radio","I took time to consider all possible outcomes before making any decision.","1, Not at all | 2, A little | 3, Moderately | 4, A lot",,,,,,,"y",,
"hsr_375","hsr_questionnaire",,"radio","It was difficult for me to stay sexually aroused once sexual activity had started.","1, Not at all | 2, A little | 3, Moderately | 4, A lot",,,,,,,"y",,
"hsr_376","hsr_questionnaire",,"radio","I didn't express my emotions.","1, Not at all | 2, A little | 3, Moderately | 4, A lot",,,,,,,"y",,
"hsr_377","hsr_questionnaire",,"radio","I was willing to tell a small lie to make things easier for myself.","1, Not at all | 2, A little | 3, Moderately | 4, A lot",,,,,,,"y",,
"hsr_378","hsr_questionnaire",,"radio","My thoughts kept jumping from one thing to another.","1, Not at all | 2, A little | 3, Moderately | 4, A lot",,,,,,,"y",,
"hsr_379","hsr_questionnaire",,"radio","I was jealous of what other people have.","1, Not at all | 2, A little | 3, Moderately | 4, A lot",,,,,,,"y",,
"hsr_380","hsr_questionnaire",,"radio","I didn't experience the joy and pleasure that most other people do.","1, Not at all | 2, A little | 3, Moderately | 4, A lot",,,,,,,"y",,
"hsr_381","hsr_questionnaire",,"radio","I could not resist buying something that I did not need.","1, Not at all | 2, A little | 3, Moderately | 4, A lot",,,,,,,"y",,
"hsr_382","hsr_questionnaire",,"radio","I felt guilty about sexual difficulties","1, Not at all | 2, A little | 3, Moderately | 4, A lot",,,,,,,"y",,
"hsr_383","hsr_questionnaire",,"radio","I avoided numbers that could bring bad luck.","1, Not at all | 2, A little | 3, Moderately | 4, A lot",,,,,,,"y",,
"hsr_384","hsr_questionnaire",,"radio","I avoided activities where I would need to sit down for long.","1, Not at all | 2, A little | 3, Moderately | 4, A lot",,,,,,,"y",,
"hsr_385","hsr_questionnaire",,"radio","I had a sensation that something was crawling under my skin.","1, Not at all | 2, A little | 3, Moderately | 4, A lot",,,,,,,"y",,
"hsr_386","hsr_questionnaire",,"radio","I felt worn out.","1, Not at all | 2, A little | 3, Moderately | 4, A lot",,,,,,,"y",,
"hsr_387","hsr_questionnaire",,"radio","I cut myself on purpose.","1, Not at all | 2, A little | 3, Moderately | 4, A lot",,,,,,,"y",,
"hsr_388","hsr_questionnaire",,"radio","It was difficult for me to get sexually aroused.","1, Not at all | 2, A little | 3, Moderately | 4, A lot",,,,,,,"y",,
"hsr_389","hsr_questionnaire",,"radio","I did not feel much like eating.","1, Not at all | 2, A little | 3, Moderately | 4, A lot",,,,,,,"y",,
"hsr_390","hsr_questionnaire",,"radio","I found it enjoyable to hurt animals.","1, Not at all | 2, A little | 3, Moderately | 4, A lot",,,,,,,"y",,
"hsr_391","hsr_questionnaire",,"radio","I acted on impulse.","1, Not at all | 2, A little | 3, Moderately | 4, A lot",,,,,,,"y",,
"hsr_392","hsr_questionnaire",,"radio","Once I started eating, I could not stop.","1, Not at all | 2, A little | 3, Moderately | 4, A lot",,,,,,,"y",,
"hsr_393","hsr_questionnaire",,"radio","I felt the need to wash my hands again and again.","1, Not at all | 2, A little | 3, Moderately | 4, A lot",,,,,,,"y",,
"hsr_394","hsr_questionnaire",,"radio","I was disgusted with myself.","1, Not at all | 2, A little | 3, Moderately | 4, A lot",,,,,,,"y",,
"hsr_395","hsr_questionnaire",,"radio","I did not concern myself with helping people.","1, Not at all | 2, A little | 3, Moderately | 4, A lot",,,,,,,"y",,
"hsr_396","hsr_questionnaire",,"radio","I felt like I could keep going and going without ever getting tired.","1, Not at all | 2, A little | 3, Moderately | 4, A lot",,,,,,,"y",,
"hsr_397","hsr_questionnaire",,"radio","I was trembling or shaking.","1, Not at all | 2, A little | 3, Moderately | 4, A lot",,,,,,,"y",,
"hsr_398","hsr_questionnaire",,"radio","I could not resist eating.","1, Not at all | 2, A little | 3, Moderately | 4, A lot",,,,,,,"y",,
"hsr_399","hsr_questionnaire",,"radio","I did things on purpose that were against the rules.","1, Not at all | 2, A little | 3, Moderately | 4, A lot",,,,,,,"y",,
"hsr_400","hsr_questionnaire",,"radio","I had periods of unexplained blindness.","1, Not at all | 2, A little | 3, Moderately | 4, A lot",,,,,,,"y",,
"hsr_401","hsr_questionnaire",,"radio","The sight of an insect (e.g., a cockroach) upset me.","1, Not at all | 2, A little | 3, Moderately | 4, A lot",,,,,,,"y",,
"hsr_402","hsr_questionnaire",,"radio","I felt like I was in danger.","1, Not at all | 2, A little | 3, Moderately | 4, A lot",,,,,,,"y",,
"hsr_403","hsr_questionnaire",,"radio","I avoided areas where there might be snakes or lizards.","1, Not at all | 2, A little | 3, Moderately | 4, A lot",,,,,,,"y",,
"hsr_404","hsr_questionnaire",,"radio","I intentionally scratched my skin so severely that it started bleeding.","1, Not at all | 2, A little | 3, Moderately | 4, A lot",,,,,,,"y",,
"hsr_405","hsr_questionnaire",,"radio","I had repeated memories of a traumatic event.","1, Not at all | 2, A little | 3, Moderately | 4, A lot",,,,,,,"y",,
